Gene1,Gene2,EdgeWeight,Confidence,Stability,MeanPercentile,MeanZ,ZCILower,ZCIUpper,SelectedRuns,ObservedRuns,RunCount,BestRank
WNT4,CBX2,0.09032769924426713,0.9490196078431372,1.0,0.9490196078431372,1.9904562385464937,0.7555422213173647,2.9988003199515396,30,30,30,1
NR0B1,DKK1,0.07181291474825778,0.8960784313725491,1.0,0.8960784313725491,1.3250406742105305,0.19098843813183583,2.302046516287499,30,30,30,1
SOX9,NR5A1,0.07833891690434257,0.8823529411764706,1.0,0.8823529411764706,1.3610487094436379,0.4026589561427245,2.3562656712919376,30,30,30,1
NR0B1,DMRT1,0.07044203689009597,0.8784313725490196,1.0,0.8784313725490196,1.3593250293425665,0.38512748375569766,2.4240715559174246,30,30,30,1
UGR,NR0B1,0.06301809825477021,0.8775816993464052,0.9666666666666667,0.907843137254902,1.646512834811899,0.18717551515598102,2.8045131915514645,29,30,30,1
NR0B1,SRY,0.09619180758823191,0.8725490196078431,1.0,0.8725490196078431,1.2652950998843266,0.5929671714602821,2.3690907448787955,30,30,30,1
CBX2,UGR,0.07497156746072695,0.8662091503267975,0.9666666666666667,0.8960784313725491,1.6835640517475519,0.27405339964076414,3.0736675037790686,29,30,30,1
UGR,WNT4,0.06892016956249765,0.8529411764705882,0.9666666666666667,0.8823529411764706,1.3038999469106618,-0.14318086053502177,2.6808762106427007,29,30,30,1
RSPO1,NR5A1,0.0790188159342503,0.8377777777777778,0.9666666666666667,0.8666666666666667,1.380926366860504,0.014349822196008399,2.516142416115409,29,30,30,1
SRY,NR0B1,0.05756721563053448,0.8358823529411765,0.9666666666666667,0.8647058823529412,1.2450783225130022,0.17987461526643492,2.1915319385172545,29,30,30,1
UGR,GATA4,0.07977367932308671,0.8112418300653595,0.9666666666666667,0.8392156862745098,1.2247535161130783,-0.3808886162503505,2.1492001721251066,29,30,30,1
UGR,PGD2,0.049197015937151055,0.8036601307189543,0.9666666666666667,0.8313725490196079,1.181569036098813,0.11757521768246469,2.3780072798912832,29,30,30,1
NR0B1,WT1mKTS,0.07783433015875928,0.7998692810457517,0.9666666666666667,0.8274509803921569,1.2597522374301893,-0.034059655240918446,2.403544033250868,29,30,30,1
NR0B1,GATA4,0.07565399244858906,0.7941176470588236,1.0,0.7941176470588236,1.0088363114964074,0.33905136924518137,2.1097058406521088,30,30,30,1
NR5A1,RSPO1,0.058844024435665804,0.7903921568627451,0.9666666666666667,0.8176470588235294,1.0501077727782127,-0.1620184176012452,2.00130096228387,29,30,30,1
RSPO1,WT1pKTS,0.06590598528633224,0.7903921568627451,0.9666666666666667,0.8176470588235294,1.0313350547475537,-0.2541274954951017,2.3773547697800796,29,30,30,1
RSPO1,DKK1,0.06630096373222558,0.7803921568627451,1.0,0.7803921568627451,0.9698585188121792,0.022229663825115153,2.055859239487268,30,30,30,1
FGF9,SRY,0.08645036138817562,0.7764705882352941,1.0,0.7764705882352941,0.8307404815060078,0.06816079275254149,1.6076031129809978,30,30,30,1
RSPO1,SOX9,0.05222988208243833,0.7733333333333334,0.9666666666666667,0.8,1.1747561475161454,-0.27081178275846457,2.5968629542870323,29,30,30,1
PGD2,SRY,0.08882114117207647,0.7657516339869281,0.9666666666666667,0.7921568627450981,0.9537169230611717,0.0413818373092847,1.7591609142978304,29,30,30,1
RSPO1,DMRT1,0.0668257267547998,0.7576470588235295,0.9333333333333333,0.8117647058823529,1.0975778910245266,-0.41534324060596944,2.1361263997391378,28,30,30,1
NR0B1,AMH,0.04931075979705912,0.7535294117647059,0.9,0.8372549019607843,1.2481546081980188,-0.5973249973586663,2.790212495344207,27,30,30,1
AMH,SRY,0.087986286840866,0.7392156862745098,0.9666666666666667,0.7647058823529412,0.9089786929754339,-0.01855103606783219,1.7764936207872997,29,30,30,1
DMRT1,WT1mKTS,0.07084989753751866,0.737516339869281,0.9333333333333333,0.7901960784313725,0.865458939075722,-0.6630263071851401,1.6075842718147852,28,30,30,1
NR0B1,PGD2,0.04622691214214168,0.737516339869281,0.9333333333333333,0.7901960784313725,0.945172973570521,-0.37233421629390206,2.3643080106957752,28,30,30,1
DHH,SRY,0.08683356580706189,0.7354248366013073,0.9666666666666667,0.7607843137254903,0.8510324875111909,-0.3199831403978981,1.8699135914461344,29,30,30,1
DMRT1,GATA4,0.0724851443093393,0.7301960784313726,0.9333333333333333,0.7823529411764706,0.8878732631405236,-0.6054815643069776,1.7620479705814291,28,30,30,1
WT1pKTS,FOXL2,0.04291706363800316,0.7192156862745098,0.9333333333333333,0.7705882352941177,0.817239100316116,-0.5049919166391175,1.819542163354007,28,30,30,1
CTNNB1,NR0B1,0.05021183048466059,0.7155555555555556,0.9333333333333333,0.7666666666666667,0.730389775236212,-0.4920534345980103,1.935829462246553,28,30,30,1
RSPO1,CBX2,0.06769535006621394,0.7137254901960784,0.9333333333333333,0.7647058823529412,0.767888820006789,-0.37885713767079987,1.75963191404484,28,30,30,1
DMRT1,SRY,0.08512106517958935,0.7107843137254901,0.9666666666666667,0.7352941176470588,0.7580867745681883,-0.3494213678204455,1.851556669754253,29,30,30,1
SRY,WNT4,0.05694678541684948,0.7107843137254901,0.9666666666666667,0.7352941176470588,0.5658388995027633,-0.30417247773756795,1.6842472159442454,29,30,30,1
FGF9,DMRT1,0.06096172404976689,0.7050980392156863,0.9666666666666667,0.7294117647058823,0.6709052519605516,-0.3355730400448601,1.6153213453675859,29,30,30,2
CBX2,NR0B1,0.050821998204271315,0.7027450980392156,0.9333333333333333,0.7529411764705881,0.7307708132572449,-0.3143234915342975,1.7005492596847762,28,30,30,1
FGF9,NR5A1,0.06734540750877535,0.6994117647058823,0.9666666666666667,0.7235294117647058,0.690070162651306,-0.1771548830980358,1.766886459618259,29,30,30,1
UGR,CBX2,0.06870995815709625,0.6990849673202614,0.9333333333333333,0.7490196078431371,0.8046554738646889,-0.33978105941806297,2.021398203912133,28,30,30,1
DKK1,SRY,0.08716259135640461,0.6917647058823528,0.9333333333333333,0.7411764705882352,0.8727055171457969,-0.7352526885542678,2.135512933338164,28,30,30,1
SRY,GATA4,0.0720753231653847,0.6864705882352942,0.9,0.7627450980392158,0.8440800574497803,-0.48617291966488196,1.6344413445587753,27,30,30,1
DKK1,GATA4,0.07214689658197009,0.6847058823529413,0.9,0.7607843137254903,0.8165129256997766,-0.8247385076692686,1.7063230557788363,27,30,30,1
FOXL2,CTNNB1,0.056729759972419844,0.6763398692810457,0.8666666666666667,0.7803921568627451,0.962866608230941,-0.7362135376939221,2.1282374636916996,26,30,30,1
CTNNB1,UGR,0.061899446105756574,0.6758823529411764,0.9,0.7509803921568626,0.7753878462129008,-0.6591526211687664,1.9952359773296156,27,30,30,1
PGD2,NR5A1,0.06681993306892474,0.6752941176470588,0.9333333333333333,0.7235294117647059,0.6436305189687156,-0.3816527743414653,1.7262927490472046,28,30,30,1
WNT4,NR5A1,0.06717003448006437,0.6752941176470587,0.9333333333333333,0.7235294117647058,0.6749831515856,-0.512731929423598,2.017138049162388,28,30,30,1
RSPO1,UGR,0.06049695617652115,0.6599999999999999,0.9,0.7333333333333333,0.6797481773563058,-0.4317727309465472,1.6613821953535608,27,30,30,1
DMRT1,CTNNB1,0.054638061990803455,0.6529411764705882,0.9,0.7254901960784313,0.7687741675177139,-0.5457112729902375,2.057145038783564,27,30,30,1
WNT4,PGD2,0.04579388982651631,0.6525490196078431,0.8666666666666667,0.7529411764705881,0.8676822052273298,-0.5144153132430987,2.134995605390625,26,30,30,1
UGR,SOX9,0.04817165731025419,0.6508496732026143,0.8666666666666667,0.7509803921568626,0.8925012432319418,-0.7093156625897007,2.4210789074615136,26,30,30,1
WNT4,UGR,0.05915981392707524,0.6494117647058822,0.9,0.7215686274509803,0.6327190302493185,-0.30380175656578084,1.7365895132672335,27,30,30,1
CBX2,GATA4,0.07097658792169033,0.6476470588235294,0.9,0.7196078431372548,0.8056123242447655,-0.9821003678069714,1.7409437299349442,27,30,30,1
WNT4,SRY,0.08059268913542168,0.6387581699346405,0.9666666666666667,0.6607843137254902,0.5353762730008008,-0.41148182912399434,1.830826464517353,29,30,30,1
PGD2,DKK1,0.06273157928821499,0.6321568627450981,0.8666666666666667,0.7294117647058823,0.7480458593795338,-0.5977455916901302,1.9364905903939873,26,30,30,1
CTNNB1,DKK1,0.061680296072407576,0.6317647058823529,0.9,0.7019607843137254,0.6386373162214788,-1.082875173459365,2.0132466098563824,27,30,30,1
DKK1,WT1pKTS,0.06035786826477958,0.6317647058823529,0.9,0.7019607843137254,0.6416416887241276,-1.6899594085606857,1.8920168139769427,27,30,30,1
NR0B1,CBX2,0.06888862286039096,0.6274509803921567,0.8333333333333334,0.7529411764705881,0.8491082996540054,-0.4098416988756337,1.9117215113457748,25,30,30,1
NR0B1,NR5A1,0.06412310257477873,0.6258823529411764,0.9333333333333333,0.6705882352941176,0.48457084420099056,-0.37117359318162535,1.555352001720916,28,30,30,1
NR0B1,WT1pKTS,0.06296641978553738,0.625359477124183,0.8666666666666667,0.7215686274509804,0.8359840276111037,-0.7557947068537061,2.256587756949288,26,30,30,1
WNT4,DMRT1,0.06210946268773105,0.6202614379084966,0.8666666666666667,0.7156862745098038,0.7290564457834086,-0.8821665383523807,1.8955614731397092,26,30,30,1
DMRT1,WT1pKTS,0.061149376934522645,0.6117647058823529,0.8666666666666667,0.7058823529411764,0.6762387663687011,-0.9926006889741901,2.016865740789729,26,30,30,1
FGF9,DKK1,0.060726837118752416,0.6117647058823529,0.8666666666666667,0.7058823529411764,0.5921655696480886,-0.5411493656293284,1.466164313710055,26,30,30,2
WNT4,NR0B1,0.04899312153094888,0.6017647058823529,0.9,0.6686274509803921,0.5583614596253805,-0.4093318812143535,2.313584925548146,27,30,30,1
UGR,SRY,0.07764649196727545,0.5964705882352941,0.9,0.6627450980392157,0.41082339045072486,-0.5353269581206551,1.3997150472451927,27,30,30,1
NR0B1,DHH,0.042387529852103985,0.5849673202614379,0.8333333333333334,0.7019607843137254,0.6359966660833318,-0.6774695594161636,2.081902193149078,25,30,30,1
SOX9,CBX2,0.05922756435526654,0.5823529411764705,0.9,0.6470588235294117,0.3417657610752822,-0.9065028472598674,1.6534929032416041,27,30,30,1
AMH,DKK1,0.061024263622433385,0.5767973856209151,0.8333333333333334,0.692156862745098,0.6125779374948567,-0.38765755555222176,1.896961475391923,25,30,30,1
NR5A1,SOX9,0.04395862997746881,0.5751633986928105,0.8333333333333334,0.6901960784313725,0.5917680698666588,-0.7723611530967318,1.853684499643291,25,30,30,1
DKK1,CTNNB1,0.0518010888449694,0.5751633986928104,0.8333333333333334,0.6901960784313724,0.5775114116696468,-0.7098083904268575,2.107399307520588,25,30,30,1
CBX2,WT1pKTS,0.05891557191043246,0.5743790849673203,0.8666666666666667,0.6627450980392157,0.5604562613439641,-0.9767634498946103,2.036498143518945,26,30,30,1
DHH,DMRT1,0.05987989865436284,0.5735294117647058,0.8333333333333334,0.688235294117647,0.6090333259909162,-0.6780764440161828,1.7265974516269456,25,30,30,1
UGR,DHH,0.04195916732521871,0.5735294117647058,0.8333333333333334,0.688235294117647,0.5744611631608681,-0.811857044605143,2.0269901726083024,25,30,30,1
UGR,RSPO1,0.054863084071801384,0.5735294117647058,0.8333333333333334,0.688235294117647,0.6831292127620492,-1.0026443256081292,2.4912323727202508,25,30,30,1
DHH,NR5A1,0.06431581029566527,0.5686274509803921,0.8333333333333334,0.6823529411764705,0.5088485549341271,-0.6500807697939619,1.493339733150587,25,30,30,1
DMRT1,WNT4,0.056469621402026285,0.5571895424836601,0.8333333333333334,0.6686274509803921,0.40009211453209864,-0.4865456212535645,1.5751303912129826,25,30,30,1
PGD2,DMRT1,0.06111394044877469,0.5568627450980392,0.8,0.696078431372549,0.6911550236350824,-0.5411785679985575,1.9428569464575904,24,30,30,1
CTNNB1,RSPO1,0.053967393817670205,0.5537254901960784,0.8,0.692156862745098,0.6229409317481782,-0.828924790582124,1.8217671982300454,24,30,30,1
UGR,AMH,0.04232502914962291,0.5474509803921568,0.8,0.684313725490196,0.6607318489758992,-1.0530430059309093,2.337116462172452,24,30,30,1
UGR,CTNNB1,0.05240165861098026,0.5443137254901961,0.8,0.680392156862745,0.6297263182792165,-1.257484193928565,2.4851969739828976,24,30,30,1
NR5A1,GATA4,0.06253454778996878,0.5437908496732027,0.8666666666666667,0.6274509803921569,0.36867175231459975,-0.874218157771872,1.187100522052912,26,30,30,2
RSPO1,WT1mKTS,0.06254434968975768,0.5403921568627451,0.8666666666666667,0.6235294117647059,0.37605560012945904,-0.6371934474598291,1.0672225077260307,26,30,30,3
RSPO1,CTNNB1,0.04947718094427278,0.5375816993464052,0.8333333333333334,0.6450980392156862,0.37824396621860623,-1.0142221833166878,1.6177870292959975,25,30,30,1
UGR,FOXL2,0.042714972303383975,0.5366666666666666,0.7666666666666667,0.7,0.7500167047627228,-0.8553286481783752,2.248681299227996,23,30,30,1
CTNNB1,FOXL2,0.03959103194750639,0.5317647058823529,0.8,0.6647058823529411,0.4976359291101745,-0.8305663608602475,1.560755966772944,24,30,30,1
UGR,WT1pKTS,0.060082709908681996,0.5216339869281046,0.7666666666666667,0.680392156862745,0.6252291710810026,-0.973673906677637,2.0821231456615448,23,30,30,1
RSPO1,DHH,0.04313446833120665,0.517124183006536,0.7666666666666667,0.6745098039215686,0.6579956453049329,-1.1574483419413486,2.598449752712351,23,30,30,1
AMH,DMRT1,0.05758883037255833,0.5160784313725489,0.8,0.6450980392156862,0.4370979455196219,-0.6405456085448153,1.905756896953278,24,30,30,1
WNT4,DKK1,0.057938599084308366,0.5113725490196078,0.8,0.6392156862745098,0.39531578941560075,-0.9061156058302506,1.5195236330138284,24,30,30,2
RSPO1,FGF9,0.04028219040353182,0.5111111111111111,0.7666666666666667,0.6666666666666666,0.6067711340672985,-1.323792772537137,2.5932005530589075,23,30,30,1
SRY,CTNNB1,0.05259945825082423,0.5090196078431372,0.7333333333333333,0.6941176470588235,0.6134079410917587,-0.9834143890822414,1.9353879168234571,22,30,30,1
DMRT1,SOX9,0.0418607244448417,0.5035294117647059,0.8,0.6294117647058823,0.32031867172317713,-1.2938477673200548,1.6455019352050975,24,30,30,1
RSPO1,GATA4,0.057443085624146774,0.4994117647058824,0.9,0.5549019607843138,0.0964238823515618,-0.9761237429015979,1.218891104215933,27,30,30,1
DKK1,RSPO1,0.051251763098524555,0.4988235294117647,0.8,0.6235294117647059,0.3846225242001742,-1.337384736650446,2.2793993611293075,24,30,30,1
DKK1,SOX9,0.04325112656297201,0.49758169934640517,0.7666666666666667,0.6490196078431372,0.4445553366594939,-0.9669995969545104,1.6502544820244944,23,30,30,1
CBX2,DHH,0.03888093992154909,0.49725490196078437,0.8,0.6215686274509804,0.3431783142584931,-0.9328576831914035,2.151128421439812,24,30,30,1
NR5A1,NR0B1,0.045171665016657515,0.49725490196078426,0.8,0.6215686274509803,0.31564335072290006,-0.6186359097837404,1.3516668710682822,24,30,30,1
SRY,WT1mKTS,0.06406076000926292,0.49568627450980385,0.8,0.6196078431372548,0.4156485491112651,-1.3171985720658257,2.075798739072315,24,30,30,1
WT1mKTS,WT1pKTS,0.055169741154773834,0.49568627450980385,0.8,0.6196078431372548,0.3091297882006734,-0.9590532350385379,1.8868999946186937,24,30,30,1
FOXL2,NR5A1,0.06012206186207966,0.4950980392156863,0.8333333333333334,0.5941176470588235,0.24267085236875216,-0.7521639302589127,1.033081992990023,25,30,30,3
WT1pKTS,NR5A1,0.06324178867594006,0.4917647058823529,0.7333333333333333,0.6705882352941176,0.49319266819342944,-0.9322412594492397,1.7497143069011498,22,30,30,1
FGF9,WNT4,0.054047737812979044,0.4878431372549019,0.8,0.6098039215686274,0.3655933678179734,-1.0283792442876487,2.6293490291807746,24,30,30,1
NR0B1,WNT4,0.05384681117348482,0.4874509803921568,0.7333333333333333,0.6647058823529411,0.5291611356695572,-1.245523791714525,2.565763128398658,22,30,30,1
RSPO1,NR0B1,0.04622215042603665,0.48705882352941177,0.7666666666666667,0.6352941176470588,0.38749776204338887,-0.7220813061837568,1.56412374679015,23,30,30,1
WNT4,SOX9,0.04204068222275534,0.48254901960784313,0.7666666666666667,0.6294117647058823,0.36570789230504985,-1.117954859149657,1.9697935669280806,23,30,30,1
SRY,CBX2,0.05990194256170967,0.48104575163398694,0.7666666666666667,0.6274509803921569,0.35510996552734364,-0.9305891037368115,1.7547317297037472,23,30,30,1
SOX9,WNT4,0.06270280851462737,0.4802614379084967,0.7333333333333333,0.6549019607843137,0.7870123762081819,-0.9539669649304048,3.318265782801195,22,30,30,1
UGR,FGF9,0.04079471095401838,0.4802614379084966,0.7333333333333333,0.6549019607843136,0.596808644155805,-1.10083863742362,2.3167501230192524,22,30,30,1
CBX2,RSPO1,0.05156901265857173,0.47803921568627444,0.7666666666666667,0.6235294117647058,0.3597581764502935,-1.5917845922487595,1.8020292054627582,23,30,30,1
SRY,FOXL2,0.0385689485657,0.47352941176470587,0.7666666666666667,0.6176470588235293,0.35651560058349935,-0.7862513843845627,1.8472449004895384,23,30,30,1
NR0B1,UGR,0.054775893221574404,0.4705228758169934,0.7666666666666667,0.6137254901960784,0.37506162803481147,-0.6230347589939822,1.5078936672921723,23,30,30,1
CTNNB1,FGF9,0.03918021227433794,0.4687581699346405,0.7333333333333333,0.6392156862745098,0.501109071777298,-0.994763366883159,2.4568385426616826,22,30,30,1
FGF9,DHH,0.03867804005157555,0.46751633986928104,0.7666666666666667,0.6098039215686274,0.35219590627663516,-1.1939897449176557,1.886058566219667,23,30,30,1
NR5A1,UGR,0.05367936956737398,0.46751633986928104,0.7666666666666667,0.6098039215686274,0.2314400863293656,-1.0648910888233285,1.4211458909653178,23,30,30,2
FGF9,PGD2,0.03833136024117661,0.46601307189542485,0.7666666666666667,0.6078431372549019,0.24018298289882253,-1.3389539289201167,1.61177289735061,23,30,30,1
DHH,FGF9,0.03659433644443648,0.4615032679738562,0.7666666666666667,0.6019607843137255,0.275858221572023,-1.8795618157470835,1.794508346206975,23,30,30,1
CBX2,SOX9,0.041600819532067145,0.46013071895424834,0.7333333333333333,0.6274509803921569,0.35521431321893465,-1.2640390807850599,1.435461784923552,22,30,30,1
NR5A1,CTNNB1,0.049168014885757436,0.4572549019607843,0.7333333333333333,0.6235294117647059,0.3399622226528975,-0.9725300915688682,1.7822286944693857,22,30,30,1
DKK1,AMH,0.038227384865491376,0.4529411764705881,0.7333333333333333,0.6176470588235293,0.31949450753594166,-0.9597830509495411,1.3915026566121003,22,30,30,2
AMH,NR5A1,0.05892311141530007,0.4486274509803922,0.8,0.5607843137254902,0.17960884057920753,-0.6726121964146075,1.038006762970471,24,30,30,3
WNT4,FGF9,0.03961335553696658,0.44607843137254893,0.7,0.6372549019607843,0.500517415735898,-1.1930226794339311,2.355378270407142,21,30,30,1
SRY,UGR,0.05376517894856654,0.44496732026143787,0.7666666666666667,0.580392156862745,0.24561046810886078,-1.1591973660889836,1.3626437311276816,23,30,30,1
NR0B1,FGF9,0.03708819177248181,0.442875816993464,0.7333333333333333,0.6039215686274509,0.3119642513763542,-1.0789844212595807,1.3811002384534012,22,30,30,1
CBX2,WNT4,0.05313565236134373,0.43712418300653594,0.7333333333333333,0.596078431372549,0.1984230084408203,-0.829357539694215,1.604465529767467,22,30,30,2
UGR,WT1mKTS,0.06533613781218192,0.4364705882352941,0.7,0.6235294117647059,0.5234122679092837,-1.6031571641061217,2.046424094827471,21,30,30,1
DKK1,FGF9,0.03561993867602323,0.43594771241830066,0.7666666666666667,0.5686274509803921,0.17505102811055367,-1.3183907099252,1.5209600750943877,23,30,30,1
CTNNB1,CBX2,0.05622050587449632,0.4284967320261437,0.7333333333333333,0.584313725490196,0.16978205307745356,-1.0663316719647504,1.604063248533788,22,30,30,2
CBX2,FOXL2,0.03791309941594667,0.42,0.7,0.6,0.304486837129926,-0.9615048080613682,1.725209629580813,21,30,30,1
PGD2,AMH,0.037715007339663924,0.4158823529411764,0.7,0.5941176470588235,0.27320888922643694,-1.2618759008036353,1.6629983572946894,21,30,30,1
CBX2,CTNNB1,0.04956600848914788,0.4131372549019607,0.7,0.5901960784313725,0.35156972317421403,-0.6913005011275021,1.998029867484493,21,30,30,1
FOXL2,NR0B1,0.04346049287075149,0.41176470588235287,0.7,0.588235294117647,0.18065227182190718,-0.9239474067836984,1.144989316101373,21,30,30,2
SOX9,AMH,0.036835453078144814,0.4062745098039215,0.7,0.580392156862745,0.22373461731280772,-2.05165295429387,1.9080388194596711,21,30,30,1
DMRT1,AMH,0.03675481217533922,0.4035294117647058,0.7,0.5764705882352941,0.18707555888019364,-1.2705415649298009,2.0773100898946573,21,30,30,1
DKK1,UGR,0.05346809698014191,0.3994117647058823,0.7,0.5705882352941176,0.2335300401763216,-1.4514271218221566,1.855991041246783,21,30,30,1
FGF9,AMH,0.036906460513667506,0.3966666666666666,0.7,0.5666666666666667,0.20335903525762508,-1.5354591446636134,1.743152695859059,21,30,30,1
SRY,DHH,0.0398591478839591,0.39477124183006534,0.6666666666666666,0.592156862745098,0.34046729074770377,-0.9953723455514685,1.9600138836824557,20,30,30,1
DHH,DKK1,0.055281076835757816,0.39346405228758163,0.6666666666666666,0.5901960784313725,0.2929818669069503,-1.1345856313251006,1.4762230714690268,20,30,30,1
SRY,WT1pKTS,0.055155891927112365,0.39346405228758163,0.6666666666666666,0.5901960784313725,0.2975419396069185,-1.088451297362001,1.6388321963147865,20,30,30,1
SOX9,FGF9,0.03610087852577463,0.392156862745098,0.6666666666666666,0.588235294117647,0.23198402111535613,-1.1859320792478114,1.3393398139039057,20,30,30,1
RSPO1,WNT4,0.04866839518174225,0.38692810457516336,0.6666666666666666,0.580392156862745,0.15990358155112558,-1.2212310765066134,1.6870827647773994,20,30,30,1
DMRT1,FGF9,0.03578692470813583,0.38431372549019605,0.6666666666666666,0.5764705882352941,0.215566516366514,-1.234551559921107,1.5961714862576455,20,30,30,1
GATA4,WT1mKTS,0.05919844188094371,0.384313725490196,0.7,0.5490196078431372,0.1478488305825169,-1.1268735216171737,1.3842313664338248,21,30,30,1
DMRT1,UGR,0.05162802961880851,0.3830065359477124,0.6666666666666666,0.5745098039215686,0.16461759533945408,-1.2147105964642702,1.4999516031488622,20,30,30,1
DMRT1,NR0B1,0.04265482372812861,0.37882352941176467,0.7,0.5411764705882353,0.10461843235155674,-0.7517110094096037,0.9694898157745723,21,30,30,3
SOX9,FOXL2,0.03926436276472411,0.3776470588235294,0.6,0.6294117647058823,0.4723685117680526,-0.9183387862753039,1.9482982940145939,18,30,30,1
DHH,AMH,0.03822273409410248,0.377516339869281,0.6333333333333333,0.596078431372549,0.24941865568851448,-2.0373635520498694,2.219829958719577,19,30,30,1
SRY,AMH,0.03743499565728278,0.3738562091503268,0.6666666666666666,0.5607843137254902,0.2198066070417086,-1.3708329509453492,1.5177470981006838,20,30,30,2
AMH,PGD2,0.037095487330998544,0.37254901960784315,0.6666666666666666,0.5588235294117647,0.15038735112968823,-2.0266068451554053,2.0158311310730324,20,30,30,1
RSPO1,FOXL2,0.03652129315610219,0.3673202614379084,0.6666666666666666,0.5509803921568627,0.13235129146835925,-1.4027478579613075,1.907516056532745,20,30,30,1
DMRT1,DKK1,0.05350912525600019,0.36601307189542476,0.6666666666666666,0.5490196078431372,0.1517454953530685,-1.239715836552783,1.541262334852024,20,30,30,2
NR5A1,FOXL2,0.03958215756877967,0.36117647058823527,0.6,0.6019607843137255,0.4272114189228536,-1.0948010337969234,2.0862351562678714,18,30,30,1
FOXL2,UGR,0.051396095338054365,0.36078431372549014,0.6666666666666666,0.5411764705882353,0.1131599450300085,-1.1746831928640884,1.2079295128674712,20,30,30,1
DHH,CBX2,0.052781545144061415,0.3594771241830065,0.6666666666666666,0.5392156862745098,0.0026637996457590757,-0.8948338904220393,1.0002918604742828,20,30,30,2
DMRT1,RSPO1,0.048650317627334544,0.3594771241830065,0.6666666666666666,0.5392156862745098,0.11067144697105542,-0.8498645394730322,1.6454954746018622,20,30,30,1
AMH,DHH,0.03654759890741379,0.3555555555555555,0.6666666666666666,0.5333333333333333,0.13873650936611623,-1.3185553356107107,1.9510023113872557,20,30,30,1
WNT4,RSPO1,0.04826589133634395,0.353921568627451,0.6333333333333333,0.5588235294117647,0.08921169486541035,-2.543728102408992,2.195376146042645,19,30,30,1
CTNNB1,PGD2,0.037871306235646704,0.351437908496732,0.6333333333333333,0.5549019607843138,0.1526531266136115,-1.7634594534859502,1.9654256476708252,19,30,30,1
PGD2,FGF9,0.035980513448371415,0.35019607843137246,0.6333333333333333,0.5529411764705882,0.19481269957866726,-1.2192980321640643,2.551866478050524,19,30,30,1
DMRT1,DHH,0.03752642897171852,0.34823529411764703,0.6,0.580392156862745,0.20269696068566548,-1.2473078732543197,1.8138414172844324,18,30,30,1
NR0B1,SOX9,0.03967053532421306,0.3477124183006535,0.6333333333333333,0.5490196078431372,0.15007489112310265,-1.050469835032242,1.6205871331608055,19,30,30,1
DKK1,WNT4,0.05304868983748184,0.3341176470588235,0.6,0.5568627450980392,0.17016235381931707,-1.2863446787586825,1.516775899078415,18,30,30,2
AMH,RSPO1,0.049336057719812844,0.3317647058823529,0.6,0.5529411764705882,0.1514938429947635,-1.6293424050773089,2.481817225171407,18,30,30,1
DKK1,DMRT1,0.05345082118395935,0.3294117647058823,0.6,0.5490196078431372,0.16757830459605222,-1.1560831017998836,1.881542495130578,18,30,30,1
DKK1,NR0B1,0.042093776676830744,0.32535947712418295,0.6333333333333333,0.5137254901960784,0.040888131315527966,-1.037962529544501,1.1866717208071607,19,30,30,3
SRY,PGD2,0.03779690151911777,0.32352941176470584,0.6,0.5392156862745098,0.14736837299839822,-0.9148882507286974,1.5513928236963064,18,30,30,1
AMH,CBX2,0.05341930449197152,0.32,0.6,0.5333333333333333,0.02761890568963336,-0.8513138952157506,1.224705596682461,18,30,30,1
WNT4,WT1mKTS,0.057411075751269657,0.3188235294117647,0.6,0.5313725490196078,0.049078846746030226,-1.1552106517415508,1.439060408808495,18,30,30,1
DKK1,WT1mKTS,0.057654470662626627,0.3129411764705882,0.6,0.5215686274509804,0.06555413626676868,-1.6787123471325658,1.3143844656012251,18,30,30,2
FOXL2,PGD2,0.035864123668892446,0.3129411764705882,0.6,0.5215686274509804,0.003528635356267894,-1.6535840105578403,1.0346690622084225,18,30,30,3
CBX2,WT1mKTS,0.05641607169430856,0.31058823529411766,0.6,0.5176470588235295,0.015539901438659704,-1.6149609246519248,1.3047266889640179,18,30,30,2
AMH,FGF9,0.033967029868973896,0.3070588235294117,0.6,0.5117647058823529,0.03401665317413702,-1.2984193004125497,1.8587324609690175,18,30,30,1
CTNNB1,DHH,0.035419961129235226,0.30470588235294116,0.6,0.5078431372549019,0.020882118172250656,-1.3314565918328638,1.7387094597163086,18,30,30,1
SRY,SOX9,0.035911643020005594,0.3030065359477124,0.6333333333333333,0.4784313725490196,-0.13279350493890527,-1.645054400485329,1.2435604980848116,19,30,30,1
PGD2,WT1mKTS,0.05946321461277026,0.30013071895424837,0.5333333333333333,0.5627450980392157,0.16293453442130265,-1.5091447759306587,1.7101501404784403,16,30,30,1
SRY,RSPO1,0.04652238849604342,0.3,0.6,0.5,-0.03305945708100932,-1.2986744331969917,2.060537972362405,18,30,30,1
NR5A1,WT1pKTS,0.05014143108550086,0.2941176470588235,0.6,0.49019607843137253,-0.050211130217980154,-1.5239900973651213,1.129560467356495,18,30,30,1
PGD2,DHH,0.03529780185629711,0.29222222222222227,0.5666666666666667,0.515686274509804,0.060259024549716655,-1.5839469937273085,1.9506240399362254,17,30,30,1
CBX2,AMH,0.03546825159671673,0.2886274509803921,0.5333333333333333,0.5411764705882353,0.07677514723642494,-1.2442800640436023,1.5541514818235531,16,30,30,1
AMH,CTNNB1,0.045625466388550154,0.2866666666666666,0.5666666666666667,0.5058823529411764,0.07080285400802384,-1.40125889945692,1.7973915343232831,17,30,30,1
CTNNB1,WNT4,0.04485575801205486,0.28444444444444444,0.5666666666666667,0.5019607843137255,-0.03024950363092931,-1.1536610501634665,1.6413321386968462,17,30,30,1
DMRT1,PGD2,0.0364464919201727,0.28444444444444444,0.5666666666666667,0.5019607843137255,0.029366612478508573,-1.183651521721726,1.6503697617163287,17,30,30,1
SOX9,WT1pKTS,0.05071144066167068,0.2822222222222222,0.5666666666666667,0.4980392156862745,0.007074935269155976,-1.2842504342727024,1.508702963685572,17,30,30,1
SRY,FGF9,0.033798363867156324,0.2822222222222222,0.5666666666666667,0.4980392156862745,-0.02297391236235913,-1.8524650106953424,1.673988319820832,17,30,30,1
CTNNB1,DMRT1,0.050420629050685076,0.2811111111111111,0.5666666666666667,0.49607843137254903,-0.04325997961950214,-1.4496725290100296,1.4423391756325874,17,30,30,1
SOX9,DHH,0.03447219347042656,0.27444444444444444,0.5666666666666667,0.4843137254901961,-0.07811435406010785,-1.2261851952103235,1.3783844327392196,17,30,30,2
DKK1,DHH,0.035260117481737595,0.2729411764705882,0.5333333333333333,0.5117647058823529,-0.00029007079795778564,-2.3480899606214543,1.7482663953719306,16,30,30,1
WT1pKTS,WT1mKTS,0.056013803125558634,0.26999999999999996,0.5666666666666667,0.4764705882352941,-0.06167026067903038,-1.0874131394093762,0.7835079337524741,17,30,30,4
DHH,WNT4,0.04836894520382927,0.2698039215686274,0.5333333333333333,0.5058823529411764,0.03816599089436667,-1.469393032414645,2.5787792732590784,16,30,30,1
AMH,SOX9,0.0375294463425041,0.26888888888888884,0.5666666666666667,0.4745098039215686,-0.0729817557224904,-1.3553938789089877,1.0214002431392664,17,30,30,3
RSPO1,PGD2,0.03480128192236549,0.26888888888888884,0.5666666666666667,0.4745098039215686,-0.08236639261339297,-1.5739176046527543,1.558853669452628,17,30,30,1
FOXL2,AMH,0.032177863703799346,0.2677777777777778,0.5666666666666667,0.4725490196078431,-0.17270301043027558,-1.880913100498994,1.5062441765930417,17,30,30,1
SOX9,CTNNB1,0.04611023386239601,0.26666666666666666,0.5,0.5333333333333333,0.10415432397585217,-1.3306007033724747,1.5014527992297602,15,30,30,1
CTNNB1,SOX9,0.03615585482580303,0.26222222222222225,0.5666666666666667,0.4627450980392157,-0.15626597729223518,-1.2569823694398168,1.0114569741814006,17,30,30,4
SOX9,RSPO1,0.04830029615542208,0.2607843137254902,0.5,0.5215686274509804,0.10152053933864079,-1.0217814542552335,1.8040908817247638,15,30,30,1
FOXL2,RSPO1,0.04740536902674734,0.2583006535947712,0.5333333333333333,0.4843137254901961,-0.008745831725403391,-1.2786389763492712,1.784830500552355,16,30,30,1
FGF9,RSPO1,0.04675874725658334,0.2572549019607843,0.5333333333333333,0.4823529411764706,-0.06541517029854796,-1.6112171737484244,1.7658930210177084,16,30,30,1
NR5A1,PGD2,0.03433417274906633,0.25555555555555554,0.5666666666666667,0.45098039215686275,-0.148060172666409,-1.0311566226224569,0.7706199638260027,17,30,30,4
FGF9,CBX2,0.04755307341859273,0.24555555555555555,0.5666666666666667,0.43333333333333335,-0.2766125293753259,-1.0707661840159644,0.516450553986262,17,30,30,5
WNT4,AMH,0.03424655952302673,0.24509803921568626,0.5,0.49019607843137253,-0.027811657211074273,-1.270507368848869,1.4660682250991086,15,30,30,1
NR5A1,DHH,0.03492477595181063,0.2411764705882353,0.5,0.4823529411764706,-0.020980879406929092,-1.115831872211051,1.944020807189223,15,30,30,1
DMRT1,CBX2,0.05213252670043021,0.23823529411764705,0.5,0.4764705882352941,-0.04819423330564031,-1.3413897097392218,1.8331577872068197,15,30,30,1
DHH,SOX9,0.03618777751304029,0.2372549019607843,0.5,0.4745098039215686,-0.20102392638012606,-2.012063411520178,1.738233538752401,15,30,30,1
NR0B1,FOXL2,0.03440809478368004,0.23627450980392156,0.5,0.4725490196078431,-0.03645903348442111,-1.5494723588362063,1.6296479393509502,15,30,30,2
WNT4,FOXL2,0.03459280987651788,0.23529411764705882,0.5,0.47058823529411764,-0.0372965160403045,-1.7504603793815414,2.0136820072014987,15,30,30,1
CBX2,PGD2,0.03443908633720907,0.22745098039215686,0.5,0.4549019607843137,-0.13337661869251136,-1.7241243156288282,1.6273263642971267,15,30,30,1
PGD2,WNT4,0.04590468261462173,0.22647058823529412,0.5,0.45294117647058824,-0.16974367393605574,-1.6355939876813523,1.381400839758528,15,30,30,1
WNT4,CTNNB1,0.043472114463887566,0.22450980392156863,0.5,0.44901960784313727,-0.1274400452034061,-1.4405728754786729,1.9435097664786656,15,30,30,1
WNT4,DHH,0.03487976301847789,0.22156862745098038,0.5,0.44313725490196076,-0.12325179150495122,-1.930186764398874,2.242622245885579,15,30,30,1
DKK1,PGD2,0.035242168853450904,0.2196078431372549,0.4666666666666667,0.47058823529411764,-0.06461567814704759,-1.6585967887324409,1.4822788603775319,14,30,30,1
PGD2,RSPO1,0.04612013221238074,0.2196078431372549,0.4666666666666667,0.47058823529411764,-0.10579619956486777,-1.4883170534517343,1.7017086729070954,14,30,30,1
PGD2,CTNNB1,0.04231502748720834,0.2196078431372549,0.5,0.4392156862745098,-0.2147562171149702,-1.419584242690929,0.6326999231119189,15,30,30,4
NR0B1,CTNNB1,0.04138369878754362,0.21751633986928104,0.5333333333333333,0.40784313725490196,-0.3269055814853699,-1.730876938730849,0.7967710526499376,16,30,30,3
CTNNB1,AMH,0.031739003509146164,0.21666666666666667,0.5,0.43333333333333335,-0.2265530988661014,-1.4408294814399953,1.386357654152436,15,30,30,1
FOXL2,WNT4,0.041426237222340574,0.21274509803921568,0.5,0.42549019607843136,-0.2823557511551436,-1.3840464418899416,1.2436861918731523,15,30,30,2
DKK1,FOXL2,0.032074313575668076,0.21176470588235294,0.5,0.4235294117647059,-0.2649191164055418,-1.9101574152905334,1.1571720281485414,15,30,30,3
DKK1,CBX2,0.04822537532475539,0.21045751633986928,0.4666666666666667,0.45098039215686275,-0.21241953352607007,-1.1651643955344633,1.160315298639918,14,30,30,3
CTNNB1,NR5A1,0.05317095878090848,0.20862745098039215,0.4666666666666667,0.44705882352941173,-0.15552018927565708,-1.2834267216662543,0.9620213120716995,14,30,30,2
CBX2,FGF9,0.031278382129046094,0.20679738562091501,0.4666666666666667,0.44313725490196076,-0.23624833857588992,-1.8162254042373847,1.3098807861657527,14,30,30,1
DHH,RSPO1,0.04517167061445912,0.20679738562091501,0.4666666666666667,0.44313725490196076,-0.22474113698122064,-1.6283701004291649,1.420031180689747,14,30,30,1
FGF9,WT1mKTS,0.0536224936976321,0.20222222222222222,0.43333333333333335,0.4666666666666667,-0.15278160748149208,-1.5508082231411462,1.8009657432542971,13,30,30,1
WT1pKTS,UGR,0.04651574675597709,0.20222222222222222,0.4666666666666667,0.43333333333333335,-0.2818187080356163,-1.6387394175944525,1.0104507710153035,14,30,30,2
RSPO1,AMH,0.031052262080290556,0.19947712418300653,0.4666666666666667,0.42745098039215684,-0.28884115324776083,-2.0383315663061756,0.8565808007503959,14,30,30,4
WT1pKTS,GATA4,0.04950738916435752,0.18947712418300655,0.43333333333333335,0.4372549019607843,-0.29420998082182587,-0.9426389624073883,0.754526065017977,13,30,30,3
SRY,DMRT1,0.045296616587623295,0.18575163398692812,0.4666666666666667,0.39803921568627454,-0.40656747210209365,-1.7051875164072148,1.1524656606708856,14,30,30,2
WT1mKTS,GATA4,0.04869227319570386,0.18483660130718957,0.4666666666666667,0.39607843137254906,-0.3423118067212703,-1.2487250727987784,0.8418656925389053,14,30,30,5
SOX9,NR0B1,0.03844194250989619,0.18437908496732025,0.43333333333333335,0.42549019607843136,-0.22444568908969573,-1.1690893020474433,0.39485476889069965,13,30,30,7
WT1mKTS,FOXL2,0.03199884002949772,0.18209150326797385,0.4666666666666667,0.39019607843137255,-0.311224367580165,-1.529600638136303,0.840231363188614,14,30,30,2
SOX9,UGR,0.0449870979342802,0.17843137254901964,0.43333333333333335,0.411764705882353,-0.26277020424689596,-1.4265844857867849,1.3266706681012626,13,30,30,2
NR5A1,WT1mKTS,0.05129346564983343,0.17758169934640522,0.43333333333333335,0.40980392156862744,-0.3037214661456723,-1.1983315162103425,0.6443837119728115,13,30,30,4
PGD2,CBX2,0.04943453008708274,0.1772549019607843,0.4,0.44313725490196076,-0.17518057752944957,-0.8417047123787658,1.0047975637191002,12,30,30,2
SOX9,DKK1,0.04672064068244866,0.17333333333333334,0.43333333333333335,0.4,-0.3132458404289208,-1.7238496643902153,1.414561870901693,13,30,30,1
NR5A1,CBX2,0.046924806235250756,0.16862745098039217,0.4,0.4215686274509804,-0.3304526190611489,-1.1836568071990001,0.5041127338016034,12,30,30,4
PGD2,FOXL2,0.029679973488718387,0.16823529411764707,0.43333333333333335,0.38823529411764707,-0.472801314003404,-2.052697048141236,1.0919976861828549,13,30,30,2
FGF9,WT1pKTS,0.045231971301360745,0.1673856209150327,0.43333333333333335,0.3862745098039216,-0.4124363580152899,-1.9866320202032428,2.0119101913583117,13,30,30,1
GATA4,FOXL2,0.03150170211140371,0.1673856209150327,0.43333333333333335,0.3862745098039216,-0.3572547532412452,-1.3375399528019403,0.717248949787944,13,30,30,2
GATA4,WT1pKTS,0.04657418565912711,0.1654901960784314,0.4,0.41372549019607846,-0.2746915101533496,-1.1515918270760968,1.0837054167893352,12,30,30,2
WT1pKTS,NR0B1,0.037625654700299445,0.15921568627450983,0.4,0.39803921568627454,-0.25940824892010395,-1.138475614380417,0.9064065560945357,12,30,30,4
DHH,WT1mKTS,0.05021669503892915,0.1568627450980392,0.4,0.39215686274509803,-0.41807698346518535,-2.1202749120020163,1.549199297603434,12,30,30,1
AMH,WNT4,0.04236271894363615,0.15549019607843134,0.43333333333333335,0.35882352941176465,-0.4536716962107209,-1.6832472811327752,0.5975115003993348,13,30,30,5
UGR,DMRT1,0.04411717508504404,0.15549019607843134,0.43333333333333335,0.35882352941176465,-0.5292358683866146,-1.6923650279461526,0.5657324286693078,13,30,30,6
PGD2,SOX9,0.0349588872764105,0.1538562091503268,0.36666666666666664,0.4196078431372549,-0.2997316680574483,-1.6681349727169628,1.2345533693698947,11,30,30,2
SOX9,PGD2,0.03199397931779941,0.15137254901960784,0.4,0.37843137254901954,-0.36306294693541985,-1.7209030830570784,1.3815507420547035,12,30,30,3
AMH,FOXL2,0.030992860285967823,0.14666666666666667,0.36666666666666664,0.4,-0.3753104924089901,-2.158004003100735,1.3653948122471116,11,30,30,1
WT1pKTS,DKK1,0.04595125659562827,0.1430718954248366,0.36666666666666664,0.39019607843137255,-0.37317336664312856,-1.282013499978394,0.8081081943890033,11,30,30,4
SOX9,GATA4,0.04817654306122777,0.14163398692810458,0.36666666666666664,0.3862745098039216,-0.3833104551152871,-1.210842448036673,0.6562073296636872,11,30,30,5
AMH,NR0B1,0.03578061494916783,0.13875816993464052,0.36666666666666664,0.37843137254901965,-0.42499227469678563,-1.3605965364814958,0.67563968061592,11,30,30,4
WT1mKTS,PGD2,0.03098041232782013,0.13732026143790846,0.36666666666666664,0.3745098039215686,-0.4493080324853432,-1.5268205578140945,0.9450453729175459,11,30,30,3
SOX9,SRY,0.05956518041789058,0.13516339869281044,0.36666666666666664,0.3686274509803921,-0.455033135291473,-1.2362030479358421,0.7393262372156779,11,30,30,6
DHH,PGD2,0.03125318086417231,0.13300653594771242,0.36666666666666664,0.3627450980392157,-0.39992825486732747,-1.8197909981026505,1.4117598727262226,11,30,30,1
AMH,WT1mKTS,0.04790058088778572,0.13013071895424835,0.36666666666666664,0.3549019607843137,-0.5276867170095754,-2.0238009891760234,1.2536645550502252,11,30,30,2
GATA4,DMRT1,0.04476503922721368,0.12941176470588234,0.36666666666666664,0.3529411764705882,-0.5309908522840658,-1.9379603718085208,0.5379329174650995,11,30,30,6
FOXL2,FGF9,0.02868266486948286,0.1287581699346405,0.3333333333333333,0.3862745098039216,-0.4174731319566449,-1.779390828089336,1.0980511225891034,10,30,30,1
WT1mKTS,DKK1,0.045992878668501484,0.12679738562091503,0.3333333333333333,0.38039215686274513,-0.3872081894194128,-1.6810879260173515,1.0664550007936047,10,30,30,3
NR5A1,AMH,0.027817161397512682,0.11575163398692809,0.36666666666666664,0.3156862745098039,-0.5300916811356295,-2.0156371904316615,1.3222549452413566,11,30,30,1
FGF9,SOX9,0.03428687328688462,0.11352941176470589,0.3,0.37843137254901965,-0.3089368769312269,-1.5315096365683947,2.2884364752167548,9,30,30,1
FGF9,CTNNB1,0.037417571510514176,0.11176470588235293,0.3333333333333333,0.3352941176470588,-0.5757834824044198,-2.137237104003349,1.169397872658327,10,30,30,2
FGF9,FOXL2,0.027605709868591073,0.111437908496732,0.36666666666666664,0.30392156862745096,-0.7372005797943894,-2.3433519459325955,0.9592327679483518,11,30,30,3
SRY,DKK1,0.04592949787958989,0.11117647058823528,0.3,0.3705882352941176,-0.3806687285998873,-1.6423630798179125,1.0522306947936793,9,30,30,3
NR5A1,DKK1,0.04193296410352498,0.10640522875816993,0.36666666666666664,0.2901960784313726,-0.6828395909150398,-1.9947922854787277,0.370606293362598,11,30,30,8
NR5A1,FGF9,0.02840140557766185,0.10470588235294116,0.3,0.34901960784313724,-0.46520903081275383,-1.444068221461837,1.0044133919949791,9,30,30,3
GATA4,DHH,0.02890796087259971,0.10294117647058823,0.3,0.3431372549019608,-0.5229539721704327,-1.4325086937515619,0.5623386920829113,9,30,30,5
CTNNB1,WT1mKTS,0.04764124844957271,0.09823529411764706,0.3,0.32745098039215687,-0.5062212946407536,-1.413789666641455,0.5981602581544577,9,30,30,5
DHH,FOXL2,0.02981765974285204,0.09588235294117646,0.3,0.3196078431372549,-0.5475342687228205,-2.0320879737120814,1.5318304838100976,9,30,30,2
WNT4,GATA4,0.04581454177895331,0.09568627450980392,0.26666666666666666,0.3588235294117647,-0.5115161002901483,-1.5615420116622063,0.7805552551899989,8,30,30,4
WNT4,WT1pKTS,0.041465612234192525,0.09470588235294117,0.3,0.3156862745098039,-0.6340196963954612,-1.5121337030464044,0.6542861623877861,9,30,30,5
DMRT1,FOXL2,0.028221428021605727,0.09294117647058824,0.3,0.30980392156862746,-0.6178249523804225,-2.4600695937196533,1.4549581262877047,9,30,30,1
WT1pKTS,DMRT1,0.043715336038803496,0.08836601307189543,0.26666666666666666,0.33137254901960783,-0.528016432915821,-1.6059962130914496,0.8533510269013711,8,30,30,5
NR5A1,WNT4,0.0399098848259879,0.08679738562091503,0.26666666666666666,0.3254901960784314,-0.5187739624169222,-1.2152767438531678,0.35230635008117467,8,30,30,5
FGF9,UGR,0.04030127099747071,0.08679738562091502,0.26666666666666666,0.3254901960784313,-0.6318201805730705,-2.106299203616761,0.7200960825062359,8,30,30,4
DHH,GATA4,0.044058810375203754,0.08261437908496733,0.26666666666666666,0.30980392156862746,-0.562512971650079,-1.7786740951645124,2.0851599132061094,8,30,30,1
WT1pKTS,CTNNB1,0.037843149416029204,0.08261437908496733,0.26666666666666666,0.30980392156862746,-0.6140019948527426,-1.684666606776419,0.47782509842773774,8,30,30,6
DHH,UGR,0.040390542789642755,0.08209150326797385,0.26666666666666666,0.3078431372549019,-0.6138566037171018,-1.7716755652847325,0.9799242830754428,8,30,30,3
FOXL2,SOX9,0.03031226233681406,0.08209150326797385,0.26666666666666666,0.3078431372549019,-0.6602794080394326,-1.6445459668015554,0.8747939570974415,8,30,30,4
SOX9,DMRT1,0.04221495947428634,0.08104575163398692,0.26666666666666666,0.30392156862745096,-0.6472658675806215,-1.7089372819566475,0.5580689290923992,8,30,30,4
DHH,CTNNB1,0.03697454200681232,0.07790849673202614,0.26666666666666666,0.29215686274509806,-0.6200780806740781,-1.701206315689879,0.755041031738532,8,30,30,4
GATA4,SRY,0.057255653508050335,0.07503267973856209,0.23333333333333334,0.32156862745098036,-0.5637839690608961,-1.1015248992170008,0.09713517324257301,7,30,30,9
FOXL2,DHH,0.02618486263197174,0.07372549019607844,0.26666666666666666,0.27647058823529413,-0.772614876928665,-2.01018306276245,0.8995140236074761,8,30,30,3
WT1pKTS,SRY,0.05595788721512833,0.07137254901960784,0.23333333333333334,0.30588235294117644,-0.621748548843686,-1.412467298768988,0.2163660891441771,7,30,30,4
CBX2,NR5A1,0.0440033278550399,0.06999999999999999,0.23333333333333334,0.3,-0.6990595559366272,-2.3919173350739054,0.33789851027039397,7,30,30,7
DHH,WT1pKTS,0.038193171412541714,0.06954248366013072,0.26666666666666666,0.2607843137254902,-0.835842029851919,-2.1872259410703054,0.47663644411502065,8,30,30,3
NR5A1,DMRT1,0.04140243831617502,0.06908496732026144,0.23333333333333334,0.296078431372549,-0.6736507937690348,-1.6811561710351435,0.7221786953872986,7,30,30,1
CTNNB1,WT1pKTS,0.043514289501139024,0.06745098039215686,0.2,0.3372549019607843,-0.4980939124045178,-1.1784116345274507,0.5874831919305958,6,30,30,3
WT1pKTS,RSPO1,0.04093071064309374,0.06633986928104575,0.23333333333333334,0.28431372549019607,-0.595502998112682,-1.6820134422601898,0.8091768404336707,7,30,30,4
PGD2,GATA4,0.04143557069962219,0.06359477124183006,0.23333333333333334,0.2725490196078431,-0.7141974061217422,-1.699173926106367,1.8201153118200004,7,30,30,1
PGD2,WT1pKTS,0.03927020706967386,0.06313725490196079,0.23333333333333334,0.27058823529411763,-0.8091157168879093,-1.9037308738486702,0.9675795768725914,7,30,30,2
NR0B1,RSPO1,0.036481800989635944,0.06169934640522876,0.26666666666666666,0.23137254901960785,-0.9573835402944426,-2.2211461821007936,0.2964510133407519,8,30,30,7
AMH,UGR,0.040898126661404875,0.06117647058823529,0.2,0.30588235294117644,-0.6050373379881742,-1.901606348737383,0.7558348307025251,6,30,30,3
AMH,WT1pKTS,0.04265030408394703,0.0596078431372549,0.2,0.2980392156862745,-0.5912720275901472,-1.5779943629445279,1.1743659069795491,6,30,30,1
WT1pKTS,AMH,0.02574522391266485,0.05947712418300655,0.23333333333333334,0.25490196078431376,-0.7422628626603903,-1.7561518855347213,0.5330291940288259,7,30,30,4
SOX9,WT1mKTS,0.04553591661776613,0.05882352941176471,0.2,0.29411764705882354,-0.631591764024247,-1.5739315875594968,0.5418927918319117,6,30,30,5
FGF9,GATA4,0.04237834906456973,0.056862745098039215,0.2,0.28431372549019607,-0.6830283253439177,-1.545822373041558,1.271793592894063,6,30,30,1
PGD2,UGR,0.03775316417786528,0.05673202614379085,0.23333333333333334,0.24313725490196078,-0.8556824080732708,-2.0858787042772775,0.4672724619970382,7,30,30,4
SRY,NR5A1,0.044585125567024514,0.056078431372549024,0.2,0.2803921568627451,-0.6628851349365967,-1.300631152654606,0.12987429911482237,6,30,30,6
WT1mKTS,FGF9,0.025184477833565793,0.05535947712418301,0.23333333333333334,0.23725490196078433,-0.7941062064969091,-1.7236171167755876,0.19402093549113048,7,30,30,7
GATA4,DKK1,0.04010593616917371,0.05372549019607843,0.2,0.26862745098039215,-0.7835284809882829,-1.9125234641538797,0.4211355899618694,6,30,30,6
WT1mKTS,DMRT1,0.03976488324368098,0.05098039215686276,0.2,0.25490196078431376,-0.8286984906434968,-1.805852188687777,0.3583090515019336,6,30,30,4
FOXL2,DMRT1,0.04074063316945049,0.050196078431372554,0.2,0.25098039215686274,-0.7408043228257452,-1.4910664030798304,0.160405329321052,6,30,30,8
CBX2,DMRT1,0.03962442302161038,0.04862745098039216,0.2,0.24313725490196078,-0.8332391377257304,-1.8873546723929362,0.28584029996522226,6,30,30,7
WT1pKTS,FGF9,0.026321167786873222,0.04738562091503268,0.16666666666666666,0.28431372549019607,-0.7276579615489317,-1.7734127587822783,0.8311695572980335,5,30,30,3
AMH,GATA4,0.0383095682316095,0.04666666666666667,0.2,0.23333333333333334,-0.8903643162900976,-1.942934993703079,0.9065487393343921,6,30,30,1
WT1mKTS,RSPO1,0.03921463297346765,0.042483660130718956,0.16666666666666666,0.25490196078431376,-0.7047106099177991,-1.5246563146199184,0.23171104108354607,5,30,30,6
GATA4,SOX9,0.029440513022696204,0.04150326797385621,0.16666666666666666,0.24901960784313726,-0.7307405271681094,-1.3844181890013683,0.6199997611614082,5,30,30,4
GATA4,RSPO1,0.03757515567566828,0.038562091503267976,0.16666666666666666,0.23137254901960785,-0.858101198132806,-1.8246748349436468,0.22028376763239452,5,30,30,6
CBX2,SRY,0.051268549946067096,0.03823529411764706,0.16666666666666666,0.22941176470588237,-0.8795035622020833,-1.652320070098408,0.5623249744626733,5,30,30,5
UGR,DKK1,0.038815647990400125,0.03823529411764706,0.16666666666666666,0.22941176470588237,-0.8540271611847609,-2.0031200250690095,0.474759443319811,5,30,30,5
CTNNB1,GATA4,0.042654383723595986,0.03712418300653595,0.13333333333333333,0.2784313725490196,-0.6581809326168362,-1.3661661329908754,0.34835210619404433,4,30,30,7
WT1mKTS,AMH,0.024324445147881468,0.03529411764705882,0.16666666666666666,0.21176470588235297,-0.8988244922272884,-2.098982258598472,0.08681953280983506,5,30,30,9
GATA4,FGF9,0.023694736754895255,0.03333333333333333,0.16666666666666666,0.2,-0.980791075276417,-1.915621700171414,0.32485909418987374,5,30,30,3
GATA4,WNT4,0.03218751234564915,0.03235294117647059,0.16666666666666666,0.19411764705882356,-0.9711846826303561,-1.756010799011744,-0.07862645190773075,5,30,30,10
FGF9,NR0B1,0.030783252559739037,0.03215686274509804,0.13333333333333333,0.2411764705882353,-0.8528944696844026,-1.9334414863321419,0.8215305177128688,4,30,30,3
PGD2,NR0B1,0.028492110763193752,0.03202614379084968,0.16666666666666666,0.19215686274509808,-1.0137299545386693,-1.7414672622368852,0.05005240415928434,5,30,30,5
GATA4,AMH,0.025466972506201294,0.03189542483660131,0.13333333333333333,0.23921568627450981,-0.7746715195750513,-1.792047232860723,0.2992035162774058,4,30,30,5
WT1mKTS,UGR,0.03775525600359288,0.02928104575163399,0.13333333333333333,0.21960784313725493,-0.8965651741037063,-2.1113174407301605,0.3924746527933263,4,30,30,7
WT1mKTS,SOX9,0.02863736205757979,0.029281045751633986,0.13333333333333333,0.2196078431372549,-0.8232860759635987,-1.6712125533062827,0.27369508588557667,4,30,30,5
GATA4,CTNNB1,0.034301002674977675,0.028758169934640525,0.13333333333333333,0.21568627450980393,-0.8939832572443441,-1.8922701532878552,-0.0190039372025378,4,30,30,8
WT1pKTS,SOX9,0.02778459372386085,0.027973856209150327,0.13333333333333333,0.20980392156862746,-0.9088568451509313,-2.0614108849969206,0.3598771275354789,4,30,30,4
WT1pKTS,DHH,0.024404858679643433,0.027189542483660133,0.13333333333333333,0.203921568627451,-0.9424196613275305,-2.0036919310516583,0.1446059127758215,4,30,30,9
FOXL2,DKK1,0.03566617742198207,0.02562091503267974,0.13333333333333333,0.19215686274509805,-1.0354253152040345,-2.368665004791681,0.8342525365326596,4,30,30,3
FOXL2,WT1pKTS,0.03789635505807048,0.02294117647058824,0.1,0.22941176470588237,-0.8789492514366273,-1.6657308893916345,0.4601438921635409,3,30,30,7
WT1mKTS,DHH,0.025238029892425996,0.02294117647058824,0.1,0.22941176470588237,-0.8662439924091401,-1.6814447039603155,0.10116538943622466,3,30,30,7
GATA4,PGD2,0.025842413086985917,0.020000000000000004,0.1,0.2,-0.9214650874337753,-1.8302906531752954,0.18165512497979214,3,30,30,8
CBX2,DKK1,0.03794910115160275,0.019411764705882358,0.1,0.19411764705882356,-0.9162523540588194,-1.672336168033937,0.7930718451535231,3,30,30,3
FOXL2,CBX2,0.03540319959954574,0.01901960784313726,0.1,0.19019607843137257,-0.9626857882772627,-2.0968643783714267,-0.040634408751289895,3,30,30,8
NR5A1,SRY,0.052801858388757644,0.016339869281045753,0.06666666666666667,0.2450980392156863,-0.7855273990519636,-1.2547602205431772,-0.2290526634829835,2,30,30,10
RSPO1,SRY,0.05164075547371348,0.015947712418300654,0.06666666666666667,0.23921568627450981,-0.8369506525451691,-1.6144784204904226,-0.08429645229141795,2,30,30,9
WT1mKTS,SRY,0.05144928084531159,0.015816993464052288,0.06666666666666667,0.2372549019607843,-0.8535632874818951,-1.7512746420337462,-0.17723089648467688,2,30,30,8
WT1mKTS,CBX2,0.03392887060504095,0.015490196078431374,0.1,0.15490196078431373,-1.0465666534559879,-1.7315101853951234,-0.13731772840883066,3,30,30,8
FOXL2,GATA4,0.03541465580175391,0.013464052287581699,0.06666666666666667,0.2019607843137255,-1.0131317378392886,-1.7643562310003078,-0.30360841701808594,2,30,30,9
DHH,NR0B1,0.028510414507447557,0.012287581699346404,0.06666666666666667,0.18431372549019606,-1.0006995357041704,-1.825731491252907,0.09618080381467176,2,30,30,8
WT1pKTS,PGD2,0.02299963551875571,0.011633986928104575,0.06666666666666667,0.17450980392156862,-1.1557281125307346,-2.2204310683398196,0.30447837940049327,2,30,30,6
WT1mKTS,NR0B1,0.027233457521676604,0.010849673202614379,0.06666666666666667,0.1627450980392157,-1.120874705751074,-2.0803975715963166,0.19880277920681694,2,30,30,5
GATA4,NR0B1,0.02799415577139774,0.01045751633986928,0.06666666666666667,0.1568627450980392,-1.0433682753141176,-1.7471324472563463,-0.07329022972295567,2,30,30,7
CTNNB1,SRY,0.04629360704183935,0.010326797385620916,0.06666666666666667,0.15490196078431373,-1.0981972749677853,-1.6387329761900533,-0.38809041261005817,2,30,30,9
WT1pKTS,CBX2,0.03201698087511297,0.009673202614379086,0.06666666666666667,0.1450980392156863,-1.154152105932969,-1.7925114590636602,-0.4592672900705828,2,30,30,9
FOXL2,SRY,0.04225135628146538,0.008758169934640523,0.06666666666666667,0.13137254901960785,-1.2924478106586907,-2.162914916137563,-0.21595592033505365,2,30,30,10
UGR,NR5A1,0.03910014035866091,0.006601307189542484,0.03333333333333333,0.19803921568627453,-0.9800979587279656,-1.642293785201639,-0.06091852331959623,1,30,30,6
WT1mKTS,NR5A1,0.0401609773067924,0.006601307189542484,0.03333333333333333,0.19803921568627453,-0.8881022442944612,-1.735862415107241,0.07508262186128387,1,30,30,4
DMRT1,NR5A1,0.03945282333355572,0.006470588235294119,0.03333333333333333,0.19411764705882356,-0.9641297089336853,-1.5417710826458797,-0.31731918952848415,1,30,30,9
GATA4,NR5A1,0.03752976811274835,0.005294117647058823,0.03333333333333333,0.1588235294117647,-1.0743107537959875,-2.0122949452880867,-0.11824535808710103,1,30,30,10
GATA4,CBX2,0.033008883200361945,0.004575163398692811,0.03333333333333333,0.13725490196078433,-1.1027852766235937,-1.719839134409499,-0.43992478447879646,1,30,30,9
DKK1,NR5A1,0.03488178108471904,0.004183006535947713,0.03333333333333333,0.1254901960784314,-1.2354451238852895,-1.9528350121071285,-0.31356971959463165,1,30,30,10
GATA4,UGR,0.035866873740790936,0.0,0.0,0.1607843137254902,-0.9872882518470621,-1.6299602650708844,-0.41146585452008433,0,30,30,12
WT1pKTS,WNT4,0.031016226515305167,0.0,0.0,0.15490196078431373,-1.0298660505575994,-1.8880231699998369,-0.4867094035833994,0,30,30,12
WT1mKTS,WNT4,0.030155408937289806,0.0,0.0,0.13137254901960785,-1.0624074548091396,-1.6218747996608935,-0.5570273499807601,0,30,30,12
FOXL2,WT1mKTS,0.03461242831184923,0.0,0.0,0.11176470588235296,-1.2795337496652428,-1.975783289343193,-0.44488537224826497,0,30,30,12
WT1mKTS,CTNNB1,0.028446743475575315,0.0,0.0,0.08235294117647059,-1.4240708778395397,-2.238937888988545,-0.5545847780091967,0,30,30,13
